frame_ms,focused,elapsed,CPU Main Thread Frame Time,CPU Render Thread Frame Time,CPU Total Frame Time,PlayerLoop,WaitForTargetFPS,Gfx.WaitForPresentOnGfxThread,Gfx.WaitForGfxCommandsFromMainThread
16.6673,1.0000,108.2927,0.9442,0.2684,16.6857,16.7012,15.8969,0.0008,-1.0000
16.6661,1.0000,108.3092,0.7315,0.2439,16.6758,16.6030,15.6419,0.0012,-1.0000
16.6675,1.0000,108.3259,0.9262,0.2632,16.6678,16.6796,16.0290,0.0010,-1.0000
16.6666,1.0000,108.3427,0.8660,0.2443,16.6617,16.7509,15.9020,0.0008,-1.0000
16.6673,1.0000,108.3593,0.8035,0.2542,16.7057,16.5789,15.7630,0.0012,-1.0000
16.6662,1.0000,108.3760,0.9601,0.2480,16.6060,16.6652,15.8280,0.0012,-1.0000
16.6665,1.0000,108.3926,0.6494,0.2395,16.6842,16.6871,15.8493,0.0008,-1.0000
16.6678,1.0000,108.4093,0.8482,0.2508,16.7550,16.6057,15.9082,0.0012,-1.0000
16.6660,1.0000,108.4260,0.8146,0.2569,16.5832,16.7137,15.7860,0.0011,-1.0000
16.6669,1.0000,108.4426,0.8361,0.2871,16.6700,16.6484,15.8086,0.0009,-1.0000
16.6666,1.0000,108.4592,0.8371,0.2413,16.6904,16.6624,15.8578,0.0013,-1.0000
16.6664,1.0000,108.4759,0.6964,0.2971,16.6107,16.6420,15.7646,0.0010,-1.0000
16.6671,1.0000,108.4927,0.9266,0.2759,16.7179,16.6778,15.9758,0.0011,-1.0000
16.6664,1.0000,108.5093,0.8389,0.2423,16.6527,16.6622,15.7622,0.0007,-1.0000
16.6668,1.0000,108.5259,0.8035,0.2715,16.6674,16.6803,15.8824,0.0009,-1.0000
16.6667,1.0000,108.5426,0.8766,0.2428,16.6454,16.6482,15.8875,0.0009,-1.0000
16.6669,1.0000,108.5592,0.7008,0.2565,16.6819,16.6438,15.7858,0.0011,-1.0000
16.6683,1.0000,108.5766,0.8992,0.2549,16.6654,16.8009,16.0746,0.0008,-1.0000
16.6670,1.0000,108.5936,0.7969,0.2322,16.6839,16.5621,10.6455,0.0013,-1.0000
16.6695,1.0000,108.6094,0.7600,0.2517,16.6523,16.6680,14.5349,0.0015,-1.0000
16.6652,1.0000,108.6260,0.8571,0.2604,16.6471,16.6359,15.4223,0.0010,-1.0000
16.6636,1.0000,108.6426,0.7256,0.4609,16.8068,16.6173,15.6392,0.0010,-1.0000
16.6689,1.0000,108.6592,5.9155,0.3856,16.5688,16.6714,15.8611,0.0008,-1.0000
16.6668,1.0000,108.6760,2.1315,0.3351,16.6752,16.6628,15.8020,0.0009,-1.0000
16.6657,1.0000,108.6926,1.2126,0.2815,16.6442,16.6513,15.5891,0.0007,-1.0000
16.6666,1.0000,108.7092,0.9772,0.2669,16.6225,16.6577,15.8326,0.0008,-1.0000
16.6666,1.0000,108.7259,0.8093,0.2738,16.6776,16.6617,15.7975,0.0008,-1.0000
16.6664,1.0000,108.7426,0.8599,0.2989,16.6702,16.6837,15.9361,0.0009,-1.0000
16.6684,1.0000,108.7593,1.0615,0.2797,16.6567,16.7112,15.8769,0.0008,-1.0000
16.6655,1.0000,108.7759,0.8242,0.2769,16.6630,16.6182,15.5743,0.0009,-1.0000
16.6670,1.0000,108.7926,0.8636,0.2666,16.6661,16.6643,15.7270,0.0007,-1.0000
16.6685,1.0000,108.8093,0.7467,0.2888,16.6882,16.6927,15.8291,0.0008,-1.0000
16.6647,1.0000,108.8260,0.8336,0.3173,16.7173,16.6576,15.5698,0.0013,-1.0000
16.6690,1.0000,108.8427,1.0430,0.2843,16.6237,16.6631,15.7700,0.0008,-1.0000
16.6663,1.0000,108.8592,0.9365,0.3165,16.6695,16.6419,15.4551,0.0015,-1.0000
16.6647,1.0000,108.8760,0.8628,0.3026,16.6996,16.6869,15.7397,0.0008,-1.0000
16.6691,1.0000,108.8927,1.0867,0.2605,16.6622,16.6073,15.6910,0.0007,-1.0000
16.6671,1.0000,108.9095,0.8922,0.3192,16.6698,16.6557,15.4300,0.0013,-1.0000
16.6663,1.0000,108.9262,1.1852,0.2949,16.6480,16.6648,15.4048,0.0011,-1.0000
16.6680,1.0000,108.9427,0.9467,0.3059,16.6925,16.6682,14.7835,0.0015,-1.0000
16.6633,1.0000,108.9592,0.9157,0.3842,16.6138,16.6351,15.4191,0.0010,-1.0000
16.6708,1.0000,108.9761,1.2241,0.3470,16.6628,16.6740,15.7430,0.0010,-1.0000
16.6703,1.0000,108.9929,1.2590,0.4924,16.6735,16.7147,15.4581,0.0010,-1.0000
16.6606,1.0000,109.0093,1.8830,0.3554,16.6775,16.5900,15.2665,0.0016,-1.0000
16.6665,1.0000,109.0260,1.2150,0.3297,16.6416,16.6583,15.6448,0.0010,-1.0000
16.6695,1.0000,109.0428,0.9299,0.4181,16.6811,16.6800,15.7051,0.0012,-1.0000
16.6626,1.0000,109.0592,1.2553,0.3704,16.7254,16.6300,15.4087,0.0013,-1.0000
16.6686,1.0000,109.0760,1.3225,0.3106,16.5966,16.6816,15.9004,0.0010,-1.0000
16.6650,1.0000,109.0926,1.0125,0.2944,16.6641,16.6478,15.5893,0.0012,-1.0000
16.6668,1.0000,109.1092,0.9736,0.3132,16.6869,16.6598,15.7662,0.0012,-1.0000
16.6682,1.0000,109.1260,1.2202,0.2678,16.6350,16.6745,15.9491,0.0011,-1.0000
16.6656,1.0000,109.1426,0.7803,0.2980,16.6872,16.6583,15.6504,0.0011,-1.0000
16.6671,1.0000,109.1592,1.0574,0.2742,16.6528,16.6587,15.8458,0.0014,-1.0000
16.6667,1.0000,109.1760,0.8924,0.2208,16.6631,16.6611,15.8105,0.0011,-1.0000
16.6665,1.0000,109.1926,0.7241,0.2855,16.6800,16.6640,15.6240,0.0010,-1.0000
16.6694,1.0000,109.2093,1.0070,0.2639,16.6623,16.6715,15.7492,0.0011,-1.0000
16.6635,1.0000,109.2259,0.8114,0.2669,16.6637,16.6437,15.5941,0.0009,-1.0000
16.6677,1.0000,109.2426,0.8498,0.2978,16.6658,16.6684,15.8950,0.0009,-1.0000
16.6665,1.0000,109.2592,1.0392,0.2714,16.6683,16.6631,15.8515,0.0009,-1.0000
16.6661,1.0000,109.2760,0.9209,0.2787,16.6773,16.7040,15.7759,0.0009,-1.0000
16.6674,1.0000,109.2925,1.0487,0.2496,16.6483,16.6183,15.7375,0.0011,-1.0000
16.6681,1.0000,109.3094,0.7727,0.2492,16.6721,16.6725,15.9125,0.0009,-1.0000
16.6650,1.0000,109.3259,0.8106,0.2684,16.6682,16.6891,15.5745,0.0010,-1.0000
16.6689,1.0000,109.3427,0.9274,0.2485,16.7074,16.6373,15.9160,0.0009,-1.0000
16.6686,1.0000,109.3593,0.8798,0.2469,16.6217,16.6613,15.5111,0.0010,-1.0000
16.6626,1.0000,109.3760,0.7589,0.2832,16.6802,16.6754,15.5856,0.0011,-1.0000
16.6710,1.0000,109.3927,1.1138,0.2332,16.6934,16.6543,15.7947,0.0008,-1.0000
16.6662,1.0000,109.4094,0.7203,0.3379,16.6445,16.6525,15.3228,0.0014,-1.0000
16.6636,1.0000,109.4259,1.1493,0.3178,16.6698,16.6454,15.4839,0.0012,-1.0000
16.6678,1.0000,109.4427,1.0889,0.2836,16.6805,16.7054,15.7383,0.0010,-1.0000
16.6652,1.0000,109.4592,0.8589,0.3558,16.6613,16.6461,15.6610,0.0010,-1.0000
16.6664,1.0000,109.4759,1.3286,0.3190,16.6605,16.6485,15.8749,0.0008,-1.0000
16.6681,1.0000,109.4927,1.1606,0.3083,16.6512,16.6995,15.9955,0.0009,-1.0000
16.6657,1.0000,109.5093,0.9662,0.2779,16.7101,16.6729,15.5914,0.0014,-1.0000
16.6672,1.0000,109.5260,0.9843,0.2947,16.6521,16.6342,15.8406,0.0009,-1.0000
16.6668,1.0000,109.5426,0.7727,0.2494,16.6514,16.6513,15.8029,0.0012,-1.0000
16.6663,1.0000,109.5593,0.7030,0.2909,16.7044,16.7415,15.7804,0.0009,-1.0000
16.6680,1.0000,109.5763,1.0801,0.2871,16.6769,16.6046,15.8761,0.0011,-1.0000
16.6656,1.0000,109.5926,0.7928,0.2384,16.6386,16.6478,15.2172,0.0011,-1.0000
16.6677,1.0000,109.6094,0.8472,0.2785,16.6561,16.7004,15.8599,0.0009,-1.0000
16.6680,1.0000,109.6260,0.9602,0.2520,16.7444,16.6027,15.6559,0.0011,-1.0000
16.6648,1.0000,109.6426,0.7276,0.4134,16.6102,16.6913,15.5707,0.0012,-1.0000
16.6671,1.0000,109.6593,1.4296,0.2897,16.6517,16.6657,15.8560,0.0010,-1.0000
16.6662,1.0000,109.6760,0.8396,0.2702,16.7055,16.6306,15.7254,0.0011,-1.0000
16.6666,1.0000,109.6926,0.9457,0.3011,16.6089,16.6863,15.8208,0.0012,-1.0000
16.6668,1.0000,109.7093,1.1192,0.2371,16.6959,16.6596,15.9169,0.0008,-1.0000
16.6666,1.0000,109.7259,0.8088,0.2794,16.6711,16.6484,15.6837,0.0010,-1.0000
16.6672,1.0000,109.7427,0.9041,0.2563,16.6349,16.6827,15.9380,0.0010,-1.0000
16.6664,1.0000,109.7592,0.8645,0.2394,16.6903,16.6799,15.7356,0.0008,-1.0000
16.6667,1.0000,109.7760,0.7419,0.2733,16.6643,16.6357,15.8458,0.0010,-1.0000
16.6670,1.0000,109.7926,0.9638,0.2264,16.6515,16.6534,15.7506,0.0013,-1.0000
16.6665,1.0000,109.8093,0.7436,0.2435,16.6874,16.7632,15.7606,0.0012,-1.0000
16.6683,1.0000,109.8261,0.9437,0.3230,16.6836,16.5819,15.8168,0.0011,-1.0000
16.6657,1.0000,109.8426,0.7890,0.2498,16.6403,16.6439,15.5873,0.0010,-1.0000
16.6668,1.0000,109.8592,0.9015,0.2477,16.6578,16.6562,15.7941,0.0011,-1.0000
16.6665,1.0000,109.8760,1.0014,0.2169,16.7661,16.6413,15.8127,0.0013,-1.0000
16.6664,1.0000,109.8925,0.7641,0.2619,16.5882,16.6575,15.7605,0.0010,-1.0000
16.6671,1.0000,109.9093,1.0554,0.2545,16.6481,16.6658,15.9484,0.0010,-1.0000
16.6667,1.0000,109.9259,0.8610,0.2542,16.6614,16.6640,15.7097,0.0011,-1.0000
16.6668,1.0000,109.9426,0.8274,0.2557,16.6464,16.6592,15.8538,0.0010,-1.0000
16.6666,1.0000,109.9592,0.8962,0.2162,16.6607,16.6656,15.8389,0.0009,-1.0000
16.6663,1.0000,109.9759,0.7166,0.2473,16.6707,16.6791,15.8370,0.0008,-1.0000
16.6672,1.0000,109.9927,0.9529,0.3265,16.6683,16.6952,15.8434,0.0010,-1.0000
16.6666,1.0000,110.0093,0.8044,0.2433,16.6643,16.6429,15.7586,0.0011,-1.0000
16.6663,1.0000,110.0259,0.8260,0.2556,16.6703,16.6522,15.8857,0.0009,-1.0000
16.6672,1.0000,110.0426,0.8412,0.2570,16.6825,16.6754,15.9366,0.0008,-1.0000
16.6667,1.0000,110.0592,0.8508,0.2438,16.6989,16.6766,15.7853,0.0008,-1.0000
16.6678,1.0000,110.0761,0.8830,0.2317,16.6466,16.6550,15.9402,0.0011,-1.0000
16.6660,1.0000,110.0926,0.7656,0.2112,16.6553,16.6397,15.6709,0.0010,-1.0000
16.6665,1.0000,110.1093,0.7381,0.2445,16.6799,16.6933,15.7129,0.0009,-1.0000
16.6666,1.0000,110.1259,0.8905,0.2344,16.6798,16.6130,15.7893,0.0008,-1.0000
16.6666,1.0000,110.1426,0.7140,0.2400,16.6601,16.6636,15.8866,0.0008,-1.0000
16.6678,1.0000,110.1592,0.9678,0.2712,16.6450,16.6672,15.8619,0.0010,-1.0000
16.6659,1.0000,110.1760,0.9796,0.2820,16.6979,16.6580,15.7716,0.0008,-1.0000
16.6661,1.0000,110.1926,0.8230,0.2295,16.6170,16.6583,15.8255,0.0012,-1.0000
16.6685,1.0000,110.2093,0.7763,0.2510,16.6668,16.6677,15.9803,0.0012,-1.0000
16.6655,1.0000,110.2259,0.8046,0.2528,16.6727,16.7075,15.7779,0.0010,-1.0000
16.6676,1.0000,110.2426,0.8857,0.2351,16.6625,16.6184,15.8277,0.0011,-1.0000
16.6656,1.0000,110.2592,0.8317,0.2623,16.6628,16.6502,15.7750,0.0009,-1.0000
16.6670,1.0000,110.2759,0.6859,0.2607,16.6725,16.6666,16.0224,0.0008,-1.0000
16.6668,1.0000,110.2926,0.9289,0.2401,16.7111,16.6653,15.9136,0.0009,-1.0000
16.6667,1.0000,110.3092,0.7896,0.2426,16.6248,16.6596,15.7508,0.0010,-1.0000
16.6680,1.0000,110.3260,0.8742,0.2404,16.6557,16.6684,15.9840,0.0012,-1.0000
16.6655,1.0000,110.3426,0.6435,0.2292,16.6710,16.6572,15.6687,0.0010,-1.0000
16.6678,1.0000,110.3592,0.7511,0.2577,16.6701,16.6732,15.9115,0.0009,-1.0000
16.6658,1.0000,110.3760,0.9080,0.2296,16.6628,16.6520,15.7701,0.0012,-1.0000
16.6670,1.0000,110.3926,0.6834,0.2896,16.6735,16.6614,15.8086,0.0010,-1.0000
16.6674,1.0000,110.4093,0.9878,0.2316,16.6612,16.6746,15.9723,0.0008,-1.0000
16.6661,1.0000,110.4259,0.7608,0.2648,16.6785,16.6503,15.6527,0.0015,-1.0000
16.6681,1.0000,110.4426,0.8807,0.2511,16.6567,16.6718,15.9211,0.0009,-1.0000
16.6658,1.0000,110.4592,0.8520,0.2316,16.6648,16.6534,15.7106,0.0011,-1.0000
16.6672,1.0000,110.4759,0.7015,0.2639,16.6802,16.6665,15.9017,0.0011,-1.0000
16.6665,1.0000,110.4926,0.9962,0.2384,16.6540,16.6610,15.8575,0.0007,-1.0000
16.6660,1.0000,110.5092,0.7498,0.2466,16.6772,16.6983,15.7670,0.0008,-1.0000
16.6675,1.0000,110.5260,0.9419,0.2556,16.6573,16.6274,15.9760,0.0010,-1.0000
16.6663,1.0000,110.5426,0.7638,0.2454,16.6710,16.6532,15.7513,0.0009,-1.0000
16.6669,1.0000,110.5593,0.8027,0.2529,16.6665,16.7153,15.9577,0.0009,-1.0000
16.6668,1.0000,110.5760,0.9307,0.2235,16.7019,16.6142,15.7182,0.0015,-1.0000
16.6666,1.0000,110.5926,0.6504,0.2382,16.6328,16.6603,15.7665,0.0011,-1.0000
16.6671,1.0000,110.6094,0.9010,0.2497,16.6572,16.7144,15.9369,0.0011,-1.0000
16.6660,1.0000,110.6259,0.7568,0.2844,16.7199,16.6061,15.5827,0.0008,-1.0000
16.6680,1.0000,110.6426,0.8948,0.2445,16.6195,16.6703,15.9966,0.0010,-1.0000
16.6660,1.0000,110.6592,0.8930,0.2386,16.6643,16.6642,15.7577,0.0011,-1.0000
16.6665,1.0000,110.6760,0.7762,0.2867,16.7197,16.6893,15.8416,0.0009,-1.0000
16.6673,1.0000,110.6927,1.0226,0.2314,16.6091,16.6776,15.9130,0.0012,-1.0000
16.6659,1.0000,110.7092,0.6725,0.2476,16.6753,16.6399,15.6691,0.0010,-1.0000
16.6678,1.0000,110.7260,0.9053,0.2441,16.6688,16.6889,15.9228,0.0009,-1.0000
16.6662,1.0000,110.7427,0.8468,0.2149,16.6927,16.6830,15.7074,0.0012,-1.0000
16.6667,1.0000,110.7592,0.7634,0.2647,16.6830,16.6186,15.6633,0.0009,-1.0000
16.6679,1.0000,110.7760,0.9697,0.2254,16.6435,16.6687,15.9220,0.0011,-1.0000
16.6654,1.0000,110.7927,0.7650,0.2250,16.6938,16.7279,15.6867,0.0015,-1.0000
16.6682,1.0000,110.8093,0.9746,0.2509,16.6879,16.6027,15.7727,0.0011,-1.0000
16.6658,1.0000,110.8260,0.9544,0.2083,16.6226,16.6685,15.7233,0.0010,-1.0000
16.6663,1.0000,110.8426,0.7456,0.2535,16.6737,16.6684,15.8061,0.0011,-1.0000
16.6675,1.0000,110.8593,1.0399,0.2522,16.7312,16.6157,15.9483,0.0011,-1.0000
16.6657,1.0000,110.8759,0.8290,0.2500,16.6076,16.6974,15.7693,0.0010,-1.0000
16.6675,1.0000,110.8929,0.9445,0.2462,16.6737,16.6758,15.9177,0.0011,-1.0000
16.6663,1.0000,110.9093,0.8609,0.2618,16.6722,16.6314,15.3767,0.0010,-1.0000
16.6664,1.0000,110.9260,0.6666,0.2497,16.6200,16.6742,15.8216,0.0010,-1.0000
16.6678,1.0000,110.9427,0.9272,0.2318,16.7006,16.6666,15.6791,0.0011,-1.0000
16.6657,1.0000,110.9592,0.7575,0.2940,16.6812,16.6459,15.7158,0.0012,-1.0000
16.6679,1.0000,110.9761,1.2538,0.2389,16.6356,16.7258,16.0418,0.0009,-1.0000
16.6659,1.0000,110.9926,0.8514,0.2655,16.6793,16.6004,15.6318,0.0009,-1.0000
16.6670,1.0000,111.0093,0.9865,0.2454,16.6715,16.6645,15.8540,0.0008,-1.0000
16.6665,1.0000,111.0261,0.9290,0.2347,16.6496,16.7733,15.6905,0.0013,-1.0000
16.6665,1.0000,111.0425,0.6831,0.2532,16.7310,16.5309,15.6782,0.0010,-1.0000
16.6677,1.0000,111.0593,0.9679,0.2234,16.6043,16.6944,15.9978,0.0011,-1.0000
16.6659,1.0000,111.0759,0.8098,0.2370,16.6689,16.6450,15.7017,0.0010,-1.0000
16.6677,1.0000,111.0927,1.0816,0.2749,16.7775,16.6504,15.9586,0.0009,-1.0000
16.6662,1.0000,111.1092,0.8518,0.2193,16.5346,16.6528,15.7228,0.0011,-1.0000
16.6661,1.0000,111.1259,0.6957,0.2783,16.6991,16.6578,15.8956,0.0010,-1.0000
16.6673,1.0000,111.1426,0.9423,0.2261,16.6486,16.6702,15.9689,0.0009,-1.0000
16.6666,1.0000,111.1592,0.6909,0.2437,16.6552,16.6592,15.7880,0.0010,-1.0000
16.6670,1.0000,111.1760,0.9288,0.2528,16.6570,16.6685,16.0320,0.0009,-1.0000
16.6664,1.0000,111.1926,0.7613,0.2313,16.6614,16.6961,15.7243,0.0011,-1.0000
16.6669,1.0000,111.2093,0.7005,0.2662,16.6744,16.6667,15.8345,0.0012,-1.0000
16.6667,1.0000,111.2260,0.8703,0.2413,16.6629,16.6590,15.8223,0.0007,-1.0000
16.6668,1.0000,111.2426,0.6357,0.2970,16.6736,16.6533,15.7911,0.0010,-1.0000
16.6665,1.0000,111.2592,0.9709,0.2530,16.7001,16.6781,15.8427,0.0010,-1.0000
16.6666,1.0000,111.2760,0.8311,0.2826,16.6718,16.6747,15.8262,0.0009,-1.0000
16.6677,1.0000,111.2927,0.8360,0.2471,16.6629,16.6542,15.8206,0.0011,-1.0000
16.6655,1.0000,111.3093,0.8612,0.2315,16.6568,16.6384,15.7069,0.0009,-1.0000
16.6670,1.0000,111.3260,0.8342,0.2474,16.6834,16.7010,15.8094,0.0007,-1.0000
16.6671,1.0000,111.3426,0.8477,0.2298,16.6778,16.6026,15.8360,0.0008,-1.0000
16.6666,1.0000,111.3592,0.8323,0.2847,16.6594,16.6586,15.7456,0.0011,-1.0000
16.6665,1.0000,111.3760,0.9305,0.2429,16.6421,16.6660,15.9893,0.0011,-1.0000
16.6668,1.0000,111.3926,0.8909,0.2361,16.7051,16.6596,15.7550,0.0007,-1.0000
16.6665,1.0000,111.4092,0.7660,0.2568,16.6073,16.6600,15.8913,0.0009,-1.0000
16.6667,1.0000,111.4259,0.9120,0.2325,16.6621,16.6642,15.8871,0.0009,-1.0000
16.6670,1.0000,111.4426,0.6757,0.2813,16.6711,16.7141,15.9171,0.0011,-1.0000
16.6679,1.0000,111.4592,0.9040,0.2316,16.6630,16.6189,15.9131,0.0012,-1.0000
16.6651,1.0000,111.4759,0.7678,0.2307,16.6639,16.6526,15.7207,0.0011,-1.0000
16.6688,1.0000,111.4927,0.7763,0.2627,16.6680,16.6791,15.9394,0.0013,-1.0000
16.6653,1.0000,111.5093,0.7959,0.2333,16.7176,16.6495,15.5794,0.0014,-1.0000
16.6671,1.0000,111.5259,0.7047,0.2843,16.6239,16.6636,15.8511,0.0011,-1.0000
16.6671,1.0000,111.5426,0.9312,0.2528,16.6562,16.6666,15.8869,0.0007,-1.0000
16.6657,1.0000,111.5592,0.7385,0.2569,16.6846,16.6519,15.7715,0.0012,-1.0000
16.6667,1.0000,111.5759,1.0689,0.2537,16.6536,16.6625,16.0437,0.0009,-1.0000
16.6668,1.0000,111.5925,0.8113,0.2640,16.6682,16.6631,15.9004,0.0008,-1.0000
16.6669,1.0000,111.6092,0.7790,0.2657,16.6719,16.6639,15.9673,0.0009,-1.0000
16.6675,1.0000,111.6260,0.8793,0.2140,16.6556,16.6703,15.9604,0.0009,-1.0000
16.6660,1.0000,111.6426,0.6180,0.2219,16.6663,16.6569,15.7301,0.0008,-1.0000
16.6677,1.0000,111.6592,0.7619,0.2258,16.6660,16.6772,15.9679,0.0010,-1.0000
16.6660,1.0000,111.6759,0.6958,0.2166,16.6671,16.6499,15.7178,0.0008,-1.0000
16.6672,1.0000,111.6927,0.7090,0.2631,16.6740,16.6693,15.9153,0.0009,-1.0000
16.6661,1.0000,111.7092,0.9260,0.2463,16.6601,16.6547,15.7367,0.0012,-1.0000
16.6670,1.0000,111.7260,0.7083,0.2482,16.6822,16.7154,15.8523,0.0008,-1.0000
16.6678,1.0000,111.7427,0.9315,0.2254,16.6542,16.6190,15.8382,0.0013,-1.0000
16.6652,1.0000,111.7592,0.7530,0.2276,16.6742,16.6487,15.6598,0.0010,-1.0000
16.6674,1.0000,111.7760,0.9169,0.2382,16.6590,16.7178,16.0311,0.0008,-1.0000
16.6670,1.0000,111.7926,0.8623,0.2388,16.7186,16.6270,15.6590,0.0014,-1.0000
16.6663,1.0000,111.8093,0.7797,0.2734,16.6245,16.6470,15.7897,0.0013,-1.0000
16.6674,1.0000,111.8260,0.9880,0.2325,16.6526,16.7132,15.9509,0.0010,-1.0000
16.6659,1.0000,111.8425,0.6859,0.2529,16.7231,16.6083,15.6217,0.0011,-1.0000
16.6685,1.0000,111.8592,0.9666,0.2689,16.6317,16.6697,15.9498,0.0008,-1.0000
16.6652,1.0000,111.8759,0.8560,0.2390,16.6513,16.6577,15.8884,0.0010,-1.0000
16.6673,1.0000,111.8926,0.7613,0.2850,16.7181,16.7053,15.9029,0.0009,-1.0000
16.6678,1.0000,111.9094,0.9854,0.2719,16.6116,16.6639,15.8753,0.0009,-1.0000
16.6649,1.0000,111.9259,0.7192,0.2422,16.6746,16.6389,15.6735,0.0013,-1.0000
16.7491,1.0000,111.9428,0.7684,0.2578,16.6610,16.7853,16.0332,0.0010,-1.0000
16.6654,1.0000,111.9593,0.8013,0.2755,16.7101,16.6624,15.5404,0.0010,-1.0000
16.6669,1.0000,111.9761,0.7876,0.2777,16.6696,16.6329,15.8670,0.0011,-1.0000
16.6672,1.0000,111.9928,0.9643,0.2680,16.6423,16.6645,15.8033,0.0009,-1.0000
16.6660,1.0000,112.0094,0.7509,0.2613,16.7907,16.7379,15.6812,0.0011,-1.0000
16.6673,1.0000,112.0261,1.1209,0.2249,16.6663,16.5910,15.8081,0.0010,-1.0000
16.6659,1.0000,112.0427,0.7648,0.2653,16.6373,16.6606,15.7602,0.0010,-1.0000
16.6680,1.0000,112.0594,0.8605,0.2622,16.6686,16.6998,15.8845,0.0009,-1.0000
16.6665,1.0000,112.0761,1.0556,0.2461,16.7413,16.5977,15.7480,0.0012,-1.0000
16.6662,1.0000,112.0927,0.7819,0.2461,16.5957,16.7069,15.6914,0.0009,-1.0000
16.6672,1.0000,112.1095,0.8993,0.2260,16.6639,16.6551,15.8406,0.0013,-1.0000
16.6663,1.0000,112.1260,0.8145,0.2443,16.7040,16.6333,15.6546,0.0013,-1.0000
16.6675,1.0000,112.1428,0.8487,0.3783,16.6029,16.7054,15.8810,0.0011,-1.0000
16.6663,1.0000,112.1593,1.0148,0.2150,16.7106,16.6370,15.6814,0.0015,-1.0000
16.6667,1.0000,112.1761,0.8131,0.2341,16.6601,16.6598,15.8864,0.0012,-1.0000
16.6662,1.0000,112.1927,0.9775,0.2627,16.6373,16.6680,15.8950,0.0013,-1.0000
16.6676,1.0000,112.2094,0.8232,0.2502,16.7106,16.6976,15.8638,0.0009,-1.0000
16.6682,1.0000,112.2262,0.9540,0.2493,16.6415,16.6394,15.6998,0.0010,-1.0000
16.6650,1.0000,112.2427,0.7723,0.2173,16.6636,16.6374,15.5656,0.0010,-1.0000
16.6670,1.0000,112.2594,0.7718,0.2405,16.6722,16.7752,15.7675,0.0010,-1.0000
16.6669,1.0000,112.2761,0.8331,0.2722,16.7025,16.5381,15.9133,0.0009,-1.0000
16.6664,1.0000,112.2927,0.9381,0.2797,16.6448,16.6658,15.7097,0.0014,-1.0000
16.6672,1.0000,112.3094,1.0711,0.2722,16.6416,16.6682,15.8319,0.0010,-1.0000
16.6663,1.0000,112.3261,1.0068,0.2451,16.7796,16.6848,15.7619,0.0009,-1.0000
16.6663,1.0000,112.3427,0.6241,0.2477,16.5453,16.6094,15.8043,0.0011,-1.0000
16.6678,1.0000,112.3593,0.9549,0.2410,16.6695,16.6719,15.9646,0.0009,-1.0000
16.6662,1.0000,112.3760,0.8353,0.3040,16.6735,16.6581,15.7806,0.0010,-1.0000
16.6683,1.0000,112.3927,0.9222,0.2448,16.6892,16.6666,15.8531,0.0012,-1.0000
16.6654,1.0000,112.4094,0.8040,0.2196,16.6125,16.6599,15.6721,0.0014,-1.0000
16.6668,1.0000,112.4260,0.7065,0.2656,16.6764,16.6983,15.8167,0.0013,-1.0000
16.6679,1.0000,112.4428,0.8764,0.2240,16.6618,16.7114,15.8128,0.0011,-1.0000
16.6651,1.0000,112.4593,0.8121,0.2571,16.6722,16.5962,15.6187,0.0011,-1.0000
16.6673,1.0000,112.4761,0.9871,0.2569,16.6646,16.6767,16.0439,0.0009,-1.0000
16.6670,1.0000,112.4927,0.8804,0.2610,16.7024,16.6705,15.7220,0.0009,-1.0000
16.6657,1.0000,112.5094,0.8976,0.2846,16.7172,16.6716,15.7950,0.0010,-1.0000
16.6672,1.0000,112.5261,0.9767,0.2248,16.5999,16.6418,15.8026,0.0011,-1.0000
16.6664,1.0000,112.5426,0.6322,0.2907,16.6813,16.6471,15.7994,0.0011,-1.0000
16.6682,1.0000,112.5594,0.9476,0.2382,16.6747,16.7319,15.9968,0.0009,-1.0000
16.6655,1.0000,112.5760,0.8758,0.2095,16.6759,16.5734,15.7015,0.0011,-1.0000
16.6676,1.0000,112.5928,0.8383,0.2703,16.6460,16.6704,15.8930,0.0010,-1.0000
16.6677,1.0000,112.6094,0.8469,0.2036,16.6505,16.6597,15.7806,0.0012,-1.0000
16.6649,1.0000,112.6260,0.7340,0.2349,16.7369,16.6572,15.5873,0.0011,-1.0000
16.6676,1.0000,112.6427,0.8709,0.2333,16.5775,16.6684,15.9781,0.0009,-1.0000
16.6659,1.0000,112.6593,0.7763,0.2405,16.6751,16.6550,15.7297,0.0011,-1.0000
16.6674,1.0000,112.6761,0.8780,0.2861,16.6659,16.7157,15.9878,0.0010,-1.0000
16.6666,1.0000,112.6927,1.0689,0.2438,16.6614,16.6137,15.7119,0.0012,-1.0000
16.6665,1.0000,112.7093,0.6895,0.2266,16.6736,16.6568,15.8114,0.0013,-1.0000
16.6671,1.0000,112.7261,0.9244,0.2335,16.6588,16.6767,16.0206,0.0010,-1.0000
16.6662,1.0000,112.7426,0.7269,0.2711,16.7199,16.6474,15.6972,0.0010,-1.0000
16.6674,1.0000,112.7593,0.9003,0.2434,16.6182,16.6715,15.9770,0.0008,-1.0000
16.6674,1.0000,112.7761,0.8442,0.1930,16.6603,16.6603,15.9247,0.0008,-1.0000
16.6661,1.0000,112.7927,0.6553,0.2530,16.6825,16.6572,15.6870,0.0013,-1.0000
16.6671,1.0000,112.8094,0.9493,0.2361,16.6510,16.6697,15.8673,0.0012,-1.0000
16.6664,1.0000,112.8260,0.6936,0.2715,16.6765,16.6563,15.6999,0.0011,-1.0000
16.6673,1.0000,112.8427,0.7349,0.2597,16.6654,16.6634,15.8876,0.0012,-1.0000
16.6661,1.0000,112.8593,0.9691,0.2635,16.6611,16.6867,15.7970,0.0009,-1.0000
16.6662,1.0000,112.8760,0.8014,0.2612,16.6747,16.6320,15.9099,0.0012,-1.0000
16.6673,1.0000,112.8928,0.9554,0.2393,16.6603,16.6712,16.0060,0.0009,-1.0000
16.6662,1.0000,112.9093,0.7745,0.2367,16.6682,16.6531,15.6828,0.0012,-1.0000
16.6672,1.0000,112.9260,0.8888,0.2368,16.6902,16.6703,15.9886,0.0010,-1.0000
16.6666,1.0000,112.9427,0.7209,0.2134,16.6358,16.6607,15.8042,0.0009,-1.0000
16.6673,1.0000,112.9593,0.6644,0.2664,16.6754,16.7139,15.9661,0.0008,-1.0000
16.6675,1.0000,112.9761,0.9693,0.2192,16.6568,16.6210,15.8598,0.0007,-1.0000
16.6655,1.0000,112.9927,0.6807,0.2562,16.6750,16.6520,15.6386,0.0013,-1.0000
16.6673,1.0000,113.0094,0.8557,0.2182,16.6637,16.7128,15.8888,0.0009,-1.0000
16.6659,1.0000,113.0260,0.7467,0.2359,16.7187,16.6087,15.6571,0.0009,-1.0000
16.6670,1.0000,113.0427,0.7603,0.2653,16.6261,16.6682,16.0006,0.0009,-1.0000
16.6665,1.0000,113.0593,1.0122,0.2415,16.6558,16.7054,15.9132,0.0008,-1.0000
16.6667,1.0000,113.0760,0.8231,0.2536,16.7182,16.6169,15.7904,0.0013,-1.0000
16.6687,1.0000,113.0928,0.9507,0.2534,16.6122,16.6738,15.9642,0.0008,-1.0000
16.6650,1.0000,113.1093,0.6667,0.2256,16.6720,16.6499,15.6445,0.0010,-1.0000
16.6674,1.0000,113.1261,0.7915,0.2559,16.7095,16.7056,15.8730,0.0012,-1.0000
16.6665,1.0000,113.1427,0.8254,0.2422,16.6210,16.6587,15.7590,0.0009,-1.0000
16.6663,1.0000,113.1593,0.7084,0.2820,16.6809,16.6579,15.7856,0.0011,-1.0000
16.6672,1.0000,113.1761,1.0044,0.2403,16.6544,16.6795,15.8624,0.0013,-1.0000
16.6661,1.0000,113.1927,0.8315,0.2363,16.7105,16.6671,15.7035,0.0009,-1.0000
16.6671,1.0000,113.2094,0.8988,0.2429,16.6625,16.6316,15.8637,0.0011,-1.0000
16.6664,1.0000,113.2260,0.8710,0.2298,16.6626,16.6585,15.8169,0.0007,-1.0000
16.6666,1.0000,113.2428,0.8159,0.2713,16.6845,16.7389,15.9613,0.0012,-1.0000
16.6672,1.0000,113.2593,0.9627,0.2268,16.6706,16.5979,15.8461,0.0009,-1.0000
16.6665,1.0000,113.2761,0.7669,0.2411,16.6367,16.6609,15.9165,0.0010,-1.0000
16.6673,1.0000,113.2928,0.8408,0.2344,16.6625,16.7127,15.9072,0.0011,-1.0000
16.6659,1.0000,113.3093,0.7765,0.2232,16.7427,16.5809,15.6343,0.0011,-1.0000
16.6676,1.0000,113.3261,0.7510,0.2609,16.6024,16.7371,15.9692,0.0009,-1.0000
16.6660,1.0000,113.3427,0.7436,0.2282,16.6640,16.6280,15.6362,0.0012,-1.0000
16.6667,1.0000,113.3593,0.8044,0.2571,16.7170,16.6614,15.8139,0.0010,-1.0000
16.6674,1.0000,113.3761,0.9454,0.2461,16.5839,16.6687,15.8940,0.0007,-1.0000
16.6659,1.0000,113.3927,0.7671,0.2918,16.7419,16.6410,15.6659,0.0011,-1.0000
16.6675,1.0000,113.4094,0.9906,0.2553,16.6322,16.6885,15.9512,0.0009,-1.0000
16.6664,1.0000,113.4261,0.8466,0.2107,16.6651,16.6806,15.7542,0.0007,-1.0000
16.6670,1.0000,113.4427,0.7741,0.2574,16.6736,16.6234,15.8196,0.0012,-1.0000
16.6666,1.0000,113.4593,0.9740,0.2284,16.6445,16.6602,15.7718,0.0011,-1.0000
16.6664,1.0000,113.4761,0.7365,0.2188,16.6931,16.7679,15.8950,0.0011,-1.0000
16.6684,1.0000,113.4928,0.9257,0.2234,16.6839,16.5591,15.7438,0.0011,-1.0000
16.6652,1.0000,113.5094,0.8025,0.2137,16.6277,16.6571,15.6683,0.0009,-1.0000
16.6667,1.0000,113.5260,0.8871,0.2405,16.6654,16.6484,15.8665,0.0012,-1.0000
16.6664,1.0000,113.5427,0.8720,0.2658,16.7713,16.6549,15.9540,0.0010,-1.0000
16.6668,1.0000,113.5593,0.8142,0.2262,16.5644,16.6641,15.9314,0.0009,-1.0000
16.6675,1.0000,113.5761,0.9880,0.2303,16.6615,16.6692,16.0146,0.0010,-1.0000
16.6662,1.0000,113.5927,0.7808,0.2335,16.6518,16.6552,15.7766,0.0010,-1.0000
16.6667,1.0000,113.6094,0.6999,0.2386,16.6586,16.6623,15.8362,0.0011,-1.0000
16.6675,1.0000,113.6260,0.7317,0.2245,16.6672,16.6626,15.8485,0.0012,-1.0000
16.6660,1.0000,113.6427,0.6537,0.2539,16.6738,16.6982,15.7484,0.0012,-1.0000
16.6671,1.0000,113.6593,0.8777,0.2426,16.6598,16.6696,16.0086,0.0011,-1.0000
16.6662,1.0000,113.6761,0.8250,0.2489,16.6669,16.6676,15.8687,0.0008,-1.0000
16.6672,1.0000,113.6927,0.8126,0.2688,16.6674,16.6530,15.8815,0.0008,-1.0000
16.6670,1.0000,113.7094,0.9487,0.2299,16.7014,16.6907,15.8089,0.0011,-1.0000
16.6663,1.0000,113.7260,0.6600,0.2299,16.6739,16.6575,15.7038,0.0012,-1.0000
16.7136,1.0000,113.7432,0.7983,0.2557,16.6710,16.6975,15.9374,0.0010,-1.0000
16.6200,1.0000,113.7593,0.7706,0.2253,16.6575,16.5926,15.0547,0.0011,-1.0000
16.6671,1.0000,113.7761,0.8806,0.2516,16.6962,16.7110,15.8206,0.0012,-1.0000
16.6668,1.0000,113.7927,0.9526,0.1957,16.6610,16.5905,15.7066,0.0011,-1.0000
16.6664,1.0000,113.8093,0.7589,0.2783,16.7031,16.6543,15.7660,0.0011,-1.0000
16.6674,1.0000,113.8261,1.5369,0.2648,16.5968,16.6704,16.0149,0.0010,-1.0000
16.6663,1.0000,113.8427,0.8893,0.2519,16.7154,16.6574,15.6931,0.0007,-1.0000
16.6667,1.0000,113.8593,0.8830,0.2689,16.5956,16.6658,15.8646,0.0012,-1.0000
16.6666,1.0000,113.8760,0.8872,0.2243,16.6574,16.6596,15.9253,0.0009,-1.0000
16.6666,1.0000,113.8927,0.6544,0.2696,16.6755,16.7085,15.8146,0.0010,-1.0000
16.6674,1.0000,113.9094,0.9634,0.2628,16.6605,16.6218,15.8328,0.0012,-1.0000
16.6661,1.0000,113.9260,0.7998,0.2505,16.6700,16.6572,15.5605,0.0009,-1.0000
16.6673,1.0000,113.9427,0.7336,0.2699,16.6643,16.6703,15.8488,0.0011,-1.0000
16.6663,1.0000,113.9593,0.8930,0.2545,16.7118,16.6555,15.7631,0.0009,-1.0000
16.6674,1.0000,113.9761,0.7879,0.2933,16.6267,16.6664,15.9327,0.0009,-1.0000
16.6742,1.0000,113.9927,1.0958,0.2422,16.6610,16.6735,15.8031,0.0011,-1.0000
16.6657,1.0000,114.0093,0.8204,0.2789,16.6750,16.6517,15.6298,0.0007,-1.0000
16.6669,1.0000,114.0260,0.8914,0.2466,16.6602,16.6666,15.9359,0.0011,-1.0000
16.6668,1.0000,114.0427,0.7327,0.2410,16.6704,16.6613,15.9259,0.0007,-1.0000
16.6662,1.0000,114.0593,0.8694,0.2499,16.6786,16.6573,15.8141,0.0010,-1.0000
16.6678,1.0000,114.0761,1.0212,0.2223,16.6557,16.6750,16.0555,0.0009,-1.0000
16.6660,1.0000,114.0927,0.7299,0.2127,16.6710,16.6536,15.7354,0.0009,-1.0000
16.6674,1.0000,114.1094,0.7345,0.2606,16.6655,16.6686,15.9073,0.0012,-1.0000
16.6661,1.0000,114.1260,0.8425,0.2154,16.6608,16.6553,15.7831,0.0012,-1.0000
16.6669,1.0000,114.1427,0.6185,0.2661,16.6800,16.6659,15.9427,0.0009,-1.0000
16.6668,1.0000,114.1593,0.9173,0.2345,16.6573,16.6646,15.9172,0.0012,-1.0000
16.6661,1.0000,114.1761,0.7601,0.2299,16.6734,16.7001,15.8596,0.0010,-1.0000
16.6679,1.0000,114.1928,0.8713,0.2215,16.6594,16.6302,15.8320,0.0011,-1.0000
16.6663,1.0000,114.2093,0.7221,0.2152,16.6695,16.6540,15.6854,0.0012,-1.0000
16.6668,1.0000,114.2261,0.7461,0.2725,16.6694,16.7161,15.8638,0.0011,-1.0000
16.6664,1.0000,114.2427,0.8396,0.2239,16.7030,16.6089,15.8056,0.0009,-1.0000
16.6668,1.0000,114.2593,0.7971,0.2548,16.6354,16.6604,15.8637,0.0013,-1.0000
16.6676,1.0000,114.2761,0.9674,0.2546,16.6582,16.7179,15.9023,0.0010,-1.0000
16.6659,1.0000,114.2927,0.8512,0.2725,16.7209,16.6084,15.6654,0.0013,-1.0000
16.6676,1.0000,114.3094,0.8024,0.2324,16.6131,16.6680,15.8879,0.0011,-1.0000
16.6661,1.0000,114.3260,0.7957,0.2827,16.6639,16.6584,15.8265,0.0009,-1.0000
16.6669,1.0000,114.3428,0.8148,0.2613,16.7228,16.7007,15.8092,0.0009,-1.0000
16.6670,1.0000,114.3594,0.9417,0.2400,16.6128,16.6698,15.7423,0.0011,-1.0000
16.6660,1.0000,114.3761,0.7789,0.2347,16.6730,16.6482,15.7982,0.0010,-1.0000
16.6676,1.0000,114.3929,0.8312,0.2557,16.6628,16.6816,15.9211,0.0010,-1.0000
16.6658,1.0000,114.4095,0.8906,0.2350,16.7053,16.6654,15.6066,0.0010,-1.0000
16.6666,1.0000,114.4260,0.9264,0.2811,16.6746,16.6379,15.5700,0.0008,-1.0000
16.6669,1.0000,114.4427,0.8492,0.2250,16.6517,16.6590,15.9740,0.0009,-1.0000
16.6667,1.0000,114.4594,0.7595,0.2386,16.6863,16.7415,15.8205,0.0013,-1.0000
16.6674,1.0000,114.4761,1.0579,0.3005,16.6696,16.5903,15.9578,0.0009,-1.0000
16.6659,1.0000,114.4927,1.0670,0.2013,16.6412,16.6617,15.8174,0.0011,-1.0000
16.6671,1.0000,114.5095,0.6843,0.2593,16.6627,16.6993,15.9288,0.0011,-1.0000
16.6669,1.0000,114.5261,0.9201,0.1918,16.7450,16.6006,15.8339,0.0011,-1.0000
16.6664,1.0000,114.5427,0.6316,0.2207,16.5944,16.7002,15.7595,0.0011,-1.0000
16.6669,1.0000,114.5594,0.8432,0.2124,16.6654,16.6773,15.9649,0.0012,-1.0000
16.6667,1.0000,114.5761,0.7695,0.2145,16.7034,16.6469,15.5728,0.0010,-1.0000
16.6674,1.0000,114.5928,0.7657,0.2513,16.6055,16.6680,15.8019,0.0011,-1.0000
16.6660,1.0000,114.6094,0.9394,0.2236,16.7040,16.6513,15.7418,0.0008,-1.0000
16.6666,1.0000,114.6261,0.7116,0.2627,16.6823,16.6580,15.7830,0.0012,-1.0000
16.6672,1.0000,114.6430,1.0733,0.2454,16.6505,16.7220,15.8852,0.0010,-1.0000
16.6665,1.0000,114.6593,0.8651,0.2416,16.6733,16.5985,15.5125,0.0009,-1.0000
16.6668,1.0000,114.6761,0.9088,0.2676,16.6553,16.6581,15.9140,0.0012,-1.0000
16.6670,1.0000,114.6929,0.8739,0.2472,16.6616,16.8000,15.8479,0.0009,-1.0000
16.6667,1.0000,114.7094,0.8357,0.2796,16.7266,16.5162,15.5736,0.0013,-1.0000
16.6671,1.0000,114.7261,1.0853,0.2315,16.6019,16.6861,15.8247,0.0012,-1.0000
16.6661,1.0000,114.7427,0.7430,0.2699,16.6629,16.6314,15.6487,0.0009,-1.0000
16.6666,1.0000,114.7593,0.9513,0.2547,16.8036,16.6544,15.9546,0.0011,-1.0000
16.6668,1.0000,114.7760,0.9413,0.2376,16.5205,16.6624,15.9786,0.0008,-1.0000
16.6668,1.0000,114.7927,0.8603,0.2547,16.6920,16.6613,15.8979,0.0009,-1.0000
16.6670,1.0000,114.8094,0.9818,0.2307,16.6348,16.6710,15.9215,0.0011,-1.0000
16.6668,1.0000,114.8260,0.6986,0.2833,16.6588,16.6554,15.8073,0.0009,-1.0000
16.6663,1.0000,114.8427,0.6831,0.2448,16.6660,16.6616,15.9407,0.0011,-1.0000
16.6674,1.0000,114.8593,0.7626,0.1966,16.6651,16.6819,15.9670,0.0009,-1.0000
16.6661,1.0000,114.8760,0.7485,0.2437,16.6756,16.6670,15.9055,0.0010,-1.0000
16.6677,1.0000,114.8928,0.8471,0.1994,16.6590,16.6892,15.9573,0.0009,-1.0000
16.6659,1.0000,114.9094,0.7200,0.2487,16.6650,16.6403,15.6845,0.0010,-1.0000
16.6675,1.0000,114.9261,0.7139,0.2339,16.6863,16.6782,16.0310,0.0008,-1.0000
16.6659,1.0000,114.9427,0.7606,0.2115,16.6710,16.6792,15.7877,0.0008,-1.0000
16.6665,1.0000,114.9593,0.7312,0.2583,16.6939,16.6439,15.9614,0.0008,-1.0000
16.6672,1.0000,114.9761,0.9548,0.2178,16.6440,16.6692,16.1150,0.0008,-1.0000
16.6664,1.0000,114.9927,0.6463,0.2235,16.6832,16.6749,15.8227,0.0012,-1.0000
16.6676,1.0000,115.0094,0.8907,0.2092,16.6830,16.6162,15.9126,0.0010,-1.0000
16.6661,1.0000,115.0260,0.6818,0.2069,16.6463,16.6524,15.7457,0.0012,-1.0000
16.6662,1.0000,115.0426,0.5534,0.2516,16.6731,16.6568,15.7928,0.0010,-1.0000
16.6674,1.0000,115.0593,0.8510,0.2314,16.6783,16.6717,15.9634,0.0007,-1.0000
16.6664,1.0000,115.0760,0.7026,0.2741,16.6219,16.6598,15.8563,0.0009,-1.0000
16.6674,1.0000,115.0928,0.9056,0.2812,16.6570,16.6688,15.8737,0.0011,-1.0000
16.6658,1.0000,115.1094,0.8630,0.2282,16.6608,16.6910,15.7795,0.0009,-1.0000
16.6676,1.0000,115.1261,0.7077,0.2465,16.6765,16.6281,15.8624,0.0011,-1.0000
16.6663,1.0000,115.1427,0.8028,0.2379,16.6629,16.6647,15.7503,0.0011,-1.0000
16.6666,1.0000,115.1593,0.7941,0.2538,16.6745,16.6555,15.7745,0.0008,-1.0000
16.6670,1.0000,115.1761,0.9107,0.2670,16.6949,16.6675,15.9059,0.0009,-1.0000
16.6663,1.0000,115.1927,0.7646,0.2613,16.6324,16.6564,15.7269,0.0010,-1.0000
16.6679,1.0000,115.2094,0.9136,0.2484,16.6707,16.6755,15.9361,0.0011,-1.0000
16.6657,1.0000,115.2260,0.8802,0.2141,16.6598,16.6542,15.7176,0.0011,-1.0000
16.6663,1.0000,115.2427,0.7607,0.2654,16.6724,16.6539,15.9153,0.0008,-1.0000
16.6681,1.0000,115.2594,0.9287,0.2127,16.6597,16.6786,15.9940,0.0007,-1.0000
16.6657,1.0000,115.2761,0.7383,0.2616,16.6806,16.6509,15.6672,0.0011,-1.0000
16.6669,1.0000,115.2927,0.9358,0.2294,16.6584,16.6628,15.8740,0.0009,-1.0000
16.6663,1.0000,115.3094,0.7377,0.2046,16.6574,16.6605,15.8672,0.0008,-1.0000
16.6669,1.0000,115.3260,0.6838,0.2755,16.6842,16.6634,15.8812,0.0010,-1.0000
16.6671,1.0000,115.3428,0.9827,0.2464,16.6548,16.6672,15.9743,0.0011,-1.0000
16.6659,1.0000,115.3593,0.7881,0.2224,16.6676,16.6532,15.7278,0.0012,-1.0000
16.6682,1.0000,115.3761,0.7925,0.2301,16.6650,16.6706,15.9810,0.0009,-1.0000
16.6662,1.0000,115.3927,0.7814,0.2104,16.6674,16.7060,15.7805,0.0008,-1.0000
16.6666,1.0000,115.4094,0.6919,0.2520,16.6722,16.6151,15.8138,0.0011,-1.0000
16.6665,1.0000,115.4260,0.9246,0.2540,16.6572,16.6626,15.9020,0.0008,-1.0000
16.6665,1.0000,115.4427,0.6889,0.2945,16.6755,16.6970,15.7996,0.0010,-1.0000
16.6678,1.0000,115.4593,0.9249,0.2516,16.7100,16.6353,15.9367,0.0011,-1.0000
16.6661,1.0000,115.4761,0.8003,0.2243,16.6198,16.6518,15.8047,0.0007,-1.0000
16.6669,1.0000,115.4928,0.7599,0.2805,16.6674,16.7083,15.9074,0.0010,-1.0000
16.6663,1.0000,115.5094,0.8967,0.2462,16.7003,16.6194,15.7407,0.0013,-1.0000
16.6665,1.0000,115.5260,0.6975,0.2833,16.6403,16.6559,15.8365,0.0011,-1.0000
16.6673,1.0000,115.5427,0.8468,0.2193,16.6557,16.6745,16.0000,0.0008,-1.0000
16.6664,1.0000,115.5593,0.7999,0.2392,16.7135,16.7447,15.7765,0.0010,-1.0000
16.6668,1.0000,115.5761,0.8774,0.2392,16.6235,16.6102,15.9207,0.0012,-1.0000
16.6668,1.0000,115.5927,0.8184,0.2316,16.6591,16.6631,15.8214,0.0011,-1.0000
16.6669,1.0000,115.6094,0.6737,0.2499,16.6789,16.6621,15.8642,0.0011,-1.0000
16.6675,1.0000,115.6262,0.9674,0.1993,16.7479,16.7073,15.8564,0.0011,-1.0000
16.6653,1.0000,115.6427,0.6884,0.2263,16.6151,16.6048,15.6325,0.0012,-1.0000
16.6685,1.0000,115.6594,0.8405,0.2270,16.6672,16.6824,15.9734,0.0009,-1.0000
16.6653,1.0000,115.6762,0.7969,0.2373,16.6662,16.7242,15.7828,0.0012,-1.0000
16.6673,1.0000,115.6928,0.8497,0.2481,16.7122,16.5925,15.7847,0.0011,-1.0000
16.6672,1.0000,115.7095,0.9713,0.2410,16.6083,16.6836,15.8629,0.0011,-1.0000
16.6661,1.0000,115.7261,0.7081,0.2382,16.6879,16.6839,15.6205,0.0011,-1.0000
16.6680,1.0000,115.7428,0.9402,0.2313,16.7281,16.5937,15.7745,0.0011,-1.0000
16.6650,1.0000,115.7593,0.8068,0.2725,16.5968,16.6934,15.6730,0.0011,-1.0000
16.6672,1.0000,115.7761,0.8197,0.2669,16.6896,16.6547,15.8758,0.0011,-1.0000
16.6671,1.0000,115.7927,1.0626,0.2700,16.6883,16.6508,15.8667,0.0010,-1.0000
16.6659,1.0000,115.8093,0.8180,0.2577,16.5994,16.6700,15.7803,0.0011,-1.0000
16.6679,1.0000,115.8262,1.0196,0.2689,16.6977,16.6730,15.9887,0.0008,-1.0000
16.6659,1.0000,115.8427,0.7781,0.2299,16.6591,16.6527,15.4484,0.0009,-1.0000
16.6670,1.0000,115.8593,0.7832,0.2461,16.6555,16.6699,15.8994,0.0011,-1.0000
16.6665,1.0000,115.8761,0.8888,0.2168,16.6733,16.6927,15.9019,0.0007,-1.0000
16.6668,1.0000,115.8927,0.6835,0.2467,16.6776,16.6276,15.7317,0.0010,-1.0000
16.6686,1.0000,115.9095,1.2036,0.2341,16.6561,16.6694,15.8656,0.0011,-1.0000
16.6647,1.0000,115.9262,0.7694,0.2321,16.6747,16.7543,15.5154,0.0011,-1.0000
16.6679,1.0000,115.9428,0.7900,0.2418,16.6963,16.5590,15.7096,0.0011,-1.0000
16.6655,1.0000,115.9594,0.8952,0.2293,16.6308,16.6595,15.6735,0.0009,-1.0000
16.6667,1.0000,115.9761,0.8027,0.2920,16.6755,16.6410,15.7749,0.0012,-1.0000
16.6671,1.0000,115.9928,1.2381,0.2596,16.7591,16.6621,15.9117,0.0011,-1.0000
16.6662,1.0000,116.0094,0.8481,0.2655,16.5643,16.6563,15.7041,0.0010,-1.0000
16.6671,1.0000,116.0260,0.9853,0.2598,16.6645,16.6622,15.9076,0.0011,-1.0000
16.6676,1.0000,116.0428,0.8650,0.2269,16.6447,16.7105,15.8807,0.0010,-1.0000
16.6651,1.0000,116.0593,0.7491,0.2515,16.6665,16.6079,15.6352,0.0011,-1.0000
16.6690,1.0000,116.0761,0.9514,0.2421,16.6601,16.6798,16.0676,0.0007,-1.0000
16.6649,1.0000,116.0927,0.7535,0.2417,16.6668,16.6685,15.6610,0.0010,-1.0000
16.6675,1.0000,116.1095,0.8285,0.2663,16.7156,16.6943,16.0049,0.0010,-1.0000
16.6663,1.0000,116.1261,0.9719,0.2172,16.6117,16.6480,15.7838,0.0013,-1.0000
16.6666,1.0000,116.1427,0.6116,0.2743,16.6851,16.6599,15.8068,0.0010,-1.0000
16.6670,1.0000,116.1594,1.0065,0.2366,16.6720,16.7196,15.9271,0.0008,-1.0000
16.6662,1.0000,116.1761,0.6884,0.2410,16.6988,16.6249,15.8172,0.0011,-1.0000
16.6674,1.0000,116.1928,0.8631,0.2510,16.6528,16.6468,15.9196,0.0008,-1.0000
16.6666,1.0000,116.2094,0.8523,0.2181,16.6637,16.6771,15.8107,0.0009,-1.0000
16.6666,1.0000,116.2261,0.7917,0.2242,16.7239,16.6887,15.8392,0.0013,-1.0000
16.6672,1.0000,116.2427,0.8068,0.2482,16.6286,16.5894,15.9286,0.0011,-1.0000
16.6664,1.0000,116.2593,0.7262,0.2207,16.6511,16.6606,15.6669,0.0011,-1.0000
16.6673,1.0000,116.2761,0.8656,0.2325,16.6811,16.6634,15.9054,0.0012,-1.0000
16.6662,1.0000,116.2927,0.8483,0.2540,16.6923,16.6595,15.7408,0.0008,-1.0000
16.6662,1.0000,116.3093,0.6595,0.2826,16.5937,16.6596,15.9413,0.0010,-1.0000
16.6677,1.0000,116.3260,0.9926,0.2439,16.6642,16.6690,15.9673,0.0008,-1.0000
16.6660,1.0000,116.3427,0.7569,0.2920,16.6688,16.7130,15.8354,0.0011,-1.0000
16.6676,1.0000,116.3593,0.9182,0.2379,16.6634,16.6147,15.9201,0.0012,-1.0000
16.6658,1.0000,116.3760,0.7174,0.2279,16.6634,16.6550,15.8102,0.0007,-1.0000
16.6676,1.0000,116.3927,0.7008,0.2430,16.6733,16.6707,15.9440,0.0010,-1.0000
16.6661,1.0000,116.4094,0.8768,0.2415,16.7159,16.6599,15.7288,0.0011,-1.0000
16.6666,1.0000,116.4260,0.6936,0.2486,16.6202,16.6591,15.9116,0.0008,-1.0000
16.6679,1.0000,116.4428,0.8443,0.2165,16.6584,16.6725,15.8925,0.0011,-1.0000
16.6654,1.0000,116.4593,0.7255,0.2632,16.6754,16.6478,15.6472,0.0009,-1.0000
16.6683,1.0000,116.4761,0.9302,0.2380,16.6638,16.6756,16.0736,0.0010,-1.0000
16.6653,1.0000,116.4927,0.7468,0.1958,16.6628,16.6523,15.7767,0.0008,-1.0000
16.6669,1.0000,116.5093,0.7790,0.2603,16.6781,16.6637,15.8955,0.0010,-1.0000
16.6673,1.0000,116.5261,0.9999,0.2421,16.6515,16.6684,15.9279,0.0008,-1.0000
16.6661,1.0000,116.5426,0.6011,0.2500,16.6806,16.6515,15.7913,0.0010,-1.0000
16.6689,1.0000,116.5594,0.8749,0.2337,16.6558,16.6835,16.0579,0.0008,-1.0000
16.6644,1.0000,116.5760,0.7671,0.2665,16.6676,16.6444,15.7409,0.0012,-1.0000
16.6674,1.0000,116.5927,0.7397,0.2433,16.6730,16.6682,15.9082,0.0012,-1.0000
16.6666,1.0000,116.6094,0.8593,0.2525,16.6550,16.6636,15.8923,0.0009,-1.0000
16.6664,1.0000,116.6261,0.6247,0.2641,16.6890,16.7143,15.7555,0.0010,-1.0000
16.6675,1.0000,116.6428,0.9023,0.2435,16.6485,16.6124,15.7656,0.0013,-1.0000
16.6661,1.0000,116.6593,0.7588,0.2294,16.6723,16.6555,15.7478,0.0010,-1.0000
16.6670,1.0000,116.6762,0.7706,0.2720,16.6690,16.7106,15.9540,0.0010,-1.0000
16.6661,1.0000,116.6927,0.9580,0.2428,16.7191,16.6117,15.6839,0.0008,-1.0000
16.6667,1.0000,116.7093,0.8457,0.2377,16.6176,16.6585,15.9200,0.0010,-1.0000
16.6671,1.0000,116.7262,0.9069,0.2414,16.6589,16.7178,15.9972,0.0007,-1.0000
16.6666,1.0000,116.7427,0.7557,0.2563,16.7159,16.6081,15.6491,0.0009,-1.0000
16.6674,1.0000,116.7593,0.9272,0.2446,16.6158,16.6745,16.0009,0.0009,-1.0000
16.6670,1.0000,116.7761,0.7376,0.2152,16.6619,16.6591,15.8437,0.0009,-1.0000
16.6659,1.0000,116.7927,0.7200,0.2643,16.7223,16.6860,15.7655,0.0010,-1.0000
16.6673,1.0000,116.8094,0.9581,0.2157,16.6115,16.6822,15.8689,0.0009,-1.0000
16.6664,1.0000,116.8260,0.6727,0.2370,16.6794,16.6399,15.7444,0.0012,-1.0000
16.6678,1.0000,116.8428,0.8147,0.2475,16.6629,16.6937,16.0140,0.0008,-1.0000
16.6656,1.0000,116.8593,0.9195,0.2208,16.6906,16.6644,15.5929,0.0011,-1.0000
16.6670,1.0000,116.8761,0.8122,0.2551,16.6864,16.6405,15.9736,0.0010,-1.0000
16.6668,1.0000,116.8927,0.8944,0.2314,16.6433,16.6542,15.8598,0.0008,-1.0000
16.6685,1.0000,116.9094,0.6790,0.2548,16.6988,16.7339,15.8309,0.0012,-1.0000
16.6653,1.0000,116.9261,1.0704,0.2527,16.6684,16.6029,15.9031,0.0009,-1.0000
16.6661,1.0000,116.9427,0.6660,0.2287,16.6445,16.6533,15.7569,0.0011,-1.0000
16.6674,1.0000,116.9594,0.7937,0.2392,16.6582,16.7023,15.9779,0.0009,-1.0000
16.6668,1.0000,116.9761,0.9017,0.2093,16.7376,16.6047,15.8093,0.0008,-1.0000
16.6658,1.0000,116.9927,0.6991,0.2479,16.6075,16.6914,15.6984,0.0012,-1.0000
16.6678,1.0000,117.0095,0.8953,0.2301,16.6567,16.6833,15.8907,0.0008,-1.0000
16.6656,1.0000,117.0260,0.7232,0.2834,16.7067,16.6123,15.6822,0.0010,-1.0000
16.6689,1.0000,117.0429,0.7946,0.2627,16.6098,16.7471,15.9493,0.0009,-1.0000
16.6651,1.0000,117.0593,0.9919,0.2524,16.6962,16.5952,15.3863,0.0012,-1.0000
16.6673,1.0000,117.0761,0.7919,0.2890,16.6882,16.6721,15.9804,0.0010,-1.0000
16.6666,1.0000,117.0928,0.9293,0.2289,16.6159,16.6695,15.7280,0.0011,-1.0000
16.6662,1.0000,117.1094,0.7970,0.3363,16.7524,16.6795,15.7562,0.0011,-1.0000
16.6688,1.0000,117.1262,1.2077,0.2557,16.5993,16.6626,15.8676,0.0012,-1.0000
16.6648,1.0000,117.1427,0.6910,0.2352,16.6764,16.6238,15.5997,0.0012,-1.0000
16.6673,1.0000,117.1595,0.9405,0.2473,16.6737,16.7917,15.9312,0.0011,-1.0000
16.6667,1.0000,117.1761,0.9225,0.2475,16.6829,16.5322,15.6625,0.0012,-1.0000
16.6664,1.0000,117.1927,0.7940,0.2723,16.6682,16.6625,15.6862,0.0013,-1.0000
16.6663,1.0000,117.2094,1.0229,0.2495,16.6278,16.6615,15.9357,0.0009,-1.0000
16.6669,1.0000,117.2260,0.8593,0.2816,16.7965,16.6403,15.7751,0.0008,-1.0000
16.6669,1.0000,117.2427,0.8686,0.2537,16.5375,16.6636,15.9038,0.0012,-1.0000
16.6667,1.0000,117.2593,0.9752,0.2147,16.6662,16.6607,15.7374,0.0011,-1.0000
16.6668,1.0000,117.2760,0.7250,0.2715,16.6663,16.6655,15.9616,0.0012,-1.0000
16.6669,1.0000,117.2927,0.8642,0.2310,16.6436,16.6632,15.9436,0.0009,-1.0000
16.6663,1.0000,117.3093,0.7586,0.2571,16.6681,16.6558,15.7692,0.0016,-1.0000
16.6683,1.0000,117.3262,0.9222,0.2479,16.6642,16.6973,15.9794,0.0009,-1.0000
16.6654,1.0000,117.3427,0.7027,0.2398,16.6699,16.6700,15.4650,0.0012,-1.0000
16.6664,1.0000,117.3593,0.7189,0.2625,16.6681,16.6543,15.9001,0.0015,-1.0000
16.6670,1.0000,117.3761,0.8856,0.2152,16.6593,16.6635,15.9116,0.0008,-1.0000
16.6663,1.0000,117.3927,0.7167,0.3069,16.7029,16.6594,15.8125,0.0011,-1.0000
16.6671,1.0000,117.4095,1.2037,0.2402,16.6743,16.7089,15.9461,0.0011,-1.0000
16.6666,1.0000,117.4261,0.7528,0.2766,16.6590,16.6189,15.6097,0.0010,-1.0000
16.6675,1.0000,117.4428,0.7511,0.2700,16.6679,16.6689,15.9160,0.0011,-1.0000
16.6661,1.0000,117.4594,0.8459,0.2172,16.6626,16.7126,15.7021,0.0012,-1.0000
16.6675,1.0000,117.4761,0.7618,0.2731,16.7135,16.5787,15.8574,0.0009,-1.0000
16.6675,1.0000,117.4928,1.0084,0.2299,16.6226,16.6650,15.8273,0.0010,-1.0000
16.6656,1.0000,117.5094,0.7516,0.2516,16.6736,16.6537,15.6928,0.0013,-1.0000
16.6682,1.0000,117.5261,1.0094,0.2683,16.7171,16.7062,15.9417,0.0009,-1.0000
16.6653,1.0000,117.5427,0.7205,0.2406,16.5831,16.6176,15.6620,0.0014,-1.0000
16.6667,1.0000,117.5593,0.8365,0.2751,16.6702,16.6645,15.9095,0.0010,-1.0000
16.6675,1.0000,117.5762,0.9599,0.2134,16.6576,16.7130,16.0133,0.0012,-1.0000
16.6660,1.0000,117.5927,0.7636,0.2620,16.7115,16.6040,15.6199,0.0016,-1.0000
16.6667,1.0000,117.6094,0.9543,0.2505,16.6219,16.6674,15.9423,0.0009,-1.0000
16.6666,1.0000,117.6260,0.7539,0.2195,16.6687,16.6637,15.8571,0.0009,-1.0000
16.6672,1.0000,117.6427,0.6986,0.2687,16.7182,16.6688,15.9203,0.0009,-1.0000
16.6676,1.0000,117.6594,0.9827,0.2282,16.6075,16.6679,15.8989,0.0008,-1.0000
16.6653,1.0000,117.6760,0.7243,0.2496,16.6721,16.6469,15.7825,0.0010,-1.0000
16.6680,1.0000,117.6928,0.8058,0.2339,16.6673,16.6753,15.9602,0.0011,-1.0000
16.6654,1.0000,117.7093,0.7474,0.2697,16.6732,16.6488,15.7250,0.0009,-1.0000
16.6675,1.0000,117.7261,0.7681,0.2557,16.6731,16.6709,15.9284,0.0009,-1.0000
16.6670,1.0000,117.7428,0.8636,0.2094,16.6503,16.6640,15.7635,0.0013,-1.0000
16.6657,1.0000,117.7593,0.7140,0.2465,16.6804,16.6510,15.7168,0.0010,-1.0000
16.6685,1.0000,117.7761,0.9232,0.2101,16.6529,16.6772,16.0227,0.0006,-1.0000
16.6652,1.0000,117.7927,0.7415,0.2488,16.6756,16.6968,15.6206,0.0010,-1.0000
16.6669,1.0000,117.8094,0.8991,0.2640,16.6688,16.6156,15.9061,0.0010,-1.0000
16.6669,1.0000,117.8261,0.9334,0.2184,16.6547,16.6667,15.8800,0.0010,-1.0000
16.6795,1.0000,117.8427,0.6540,0.2880,16.6824,16.6719,15.8554,0.0011,-1.0000
16.6671,1.0000,117.8594,1.0753,0.2268,16.7013,16.7153,15.8926,0.0013,-1.0000
16.6661,1.0000,117.8760,0.7085,0.2549,16.6198,16.6070,15.7129,0.0013,-1.0000
16.6675,1.0000,117.8928,0.7859,0.2461,16.6711,16.6681,15.9299,0.0009,-1.0000
16.6671,1.0000,117.9095,0.8157,0.2080,16.6756,16.7059,15.8004,0.0012,-1.0000
16.6665,1.0000,117.9262,0.8215,0.2689,16.7207,16.6215,15.5974,0.0012,-1.0000
16.6666,1.0000,117.9428,0.8929,0.2549,16.6103,16.6636,15.7579,0.0011,-1.0000
16.6661,1.0000,117.9593,0.7373,0.2401,16.6734,16.6931,15.7142,0.0011,-1.0000
16.6678,1.0000,117.9761,0.9045,0.3079,16.7115,16.6363,15.9990,0.0011,-1.0000
16.6657,1.0000,117.9927,1.0230,0.2397,16.6265,16.6499,15.6521,0.0008,-1.0000
16.6670,1.0000,118.0094,0.9044,0.2598,16.6687,16.6674,15.8536,0.0010,-1.0000
16.6666,1.0000,118.0262,0.9779,0.2320,16.6970,16.7051,15.8277,0.0009,-1.0000
16.6665,1.0000,118.0427,0.6365,0.2577,16.6414,16.6401,15.6756,0.0008,-1.0000
16.6677,1.0000,118.0594,0.9971,0.2423,16.6544,16.6686,15.9506,0.0010,-1.0000
16.6658,1.0000,118.0761,0.8129,0.2202,16.6711,16.6620,15.6068,0.0008,-1.0000
16.6670,1.0000,118.0928,0.8764,0.2596,16.7104,16.6984,15.8871,0.0009,-1.0000
16.6668,1.0000,118.1094,0.9638,0.2273,16.6435,16.6203,15.8182,0.0007,-1.0000
16.6661,1.0000,118.1260,0.7169,0.3010,16.6734,16.6554,15.7908,0.0010,-1.0000
16.6677,1.0000,118.1429,1.0544,0.2281,16.6655,16.7611,15.9891,0.0011,-1.0000
16.6660,1.0000,118.1593,0.8103,0.2266,16.7030,16.5745,15.7065,0.0010,-1.0000
16.6677,1.0000,118.1761,0.8017,0.2503,16.6245,16.6757,15.9676,0.0011,-1.0000
16.6661,1.0000,118.1928,0.8637,0.2218,16.6584,16.6853,15.7422,0.0009,-1.0000
16.6667,1.0000,118.2094,0.7708,0.2451,16.7656,16.6011,15.8850,0.0011,-1.0000
16.6665,1.0000,118.2261,0.8671,0.2069,16.5776,16.7116,15.9786,0.0008,-1.0000
16.6669,1.0000,118.2428,0.7071,0.2654,16.6808,16.6613,15.8245,0.0009,-1.0000
16.6675,1.0000,118.2594,0.9424,0.2360,16.6891,16.6640,15.8938,0.0011,-1.0000
16.6661,1.0000,118.2761,0.7152,0.2138,16.6047,16.6449,15.7437,0.0016,-1.0000
16.6675,1.0000,118.2928,0.7320,0.2480,16.7153,16.6753,15.7997,0.0011,-1.0000
16.6684,1.0000,118.3096,0.8360,0.2099,16.6648,16.6752,15.5858,0.0014,-1.0000
16.6651,1.0000,118.3262,0.7690,0.2288,16.6696,16.6563,15.4111,0.0013,-1.0000
16.6667,1.0000,118.3428,0.9000,0.2592,16.6489,16.6552,15.6702,0.0012,-1.0000
16.6664,1.0000,118.3594,0.8745,0.3180,16.6810,16.6409,15.5799,0.0007,-1.0000
16.6661,1.0000,118.3762,1.0880,0.3624,16.6826,16.7500,15.8665,0.0010,-1.0000
16.6674,1.0000,118.3928,1.2439,0.2673,16.6624,16.5670,15.8278,0.0011,-1.0000
16.6660,1.0000,118.4094,0.9840,0.3143,16.6609,16.6558,15.7114,0.0008,-1.0000
16.6677,1.0000,118.4261,1.0602,0.2534,16.6454,16.6721,15.9222,0.0010,-1.0000
16.6663,1.0000,118.4427,0.8828,0.2370,16.7531,16.6400,15.7630,0.0009,-1.0000
16.6662,1.0000,118.4593,0.7383,0.2531,16.5722,16.6561,15.7990,0.0008,-1.0000
16.6671,1.0000,118.4761,0.9438,0.2302,16.6592,16.6661,16.0280,0.0010,-1.0000
16.6669,1.0000,118.4928,0.7489,0.2352,16.6769,16.6626,15.8648,0.0013,-1.0000
16.6670,1.0000,118.5094,0.8763,0.2462,16.6447,16.6665,15.8142,0.0010,-1.0000
16.6666,1.0000,118.5261,0.8563,0.2604,16.6594,16.6590,15.8524,0.0007,-1.0000
16.6661,1.0000,118.5427,0.6371,0.2192,16.6698,16.6789,15.8409,0.0010,-1.0000
16.6678,1.0000,118.5594,0.7965,0.2506,16.6659,16.6970,16.0230,0.0008,-1.0000
16.6662,1.0000,118.5761,0.8513,0.2378,16.6717,16.6436,15.7524,0.0011,-1.0000
16.6676,1.0000,118.5928,0.8058,0.2351,16.6628,16.6751,15.8560,0.0010,-1.0000
16.6662,1.0000,118.6094,0.8370,0.2111,16.6822,16.6606,15.5903,0.0014,-1.0000
16.6660,1.0000,118.6261,0.6732,0.2789,16.7017,16.6756,15.8038,0.0009,-1.0000
16.6675,1.0000,118.6428,0.8901,0.2197,16.6471,16.6426,15.8722,0.0007,-1.0000
16.6662,1.0000,118.6593,0.8181,0.2346,16.6810,16.6471,15.7566,0.0009,-1.0000
16.6679,1.0000,118.6762,1.0690,0.2580,16.6653,16.7303,16.0419,0.0011,-1.0000
16.6656,1.0000,118.6927,0.8707,0.2264,16.6803,16.5705,15.5893,0.0014,-1.0000
16.6670,1.0000,118.7094,0.7697,0.3169,16.6475,16.6907,15.9217,0.0010,-1.0000
16.6662,1.0000,118.7261,0.8897,0.2253,16.6505,16.6340,15.8675,0.0011,-1.0000
16.6670,1.0000,118.7427,0.6873,0.2605,16.7357,16.6673,15.9017,0.0008,-1.0000
16.6668,1.0000,118.7594,0.9798,0.2628,16.5746,16.6667,15.9262,0.0011,-1.0000
16.6664,1.0000,118.7761,0.7679,0.2297,16.6951,16.6520,15.8360,0.0010,-1.0000
16.6678,1.0000,118.7928,0.7657,0.2417,16.6378,16.7139,15.9111,0.0011,-1.0000
16.6661,1.0000,118.8094,0.7647,0.2364,16.6707,16.6156,15.6500,0.0012,-1.0000
16.6662,1.0000,118.8261,0.7394,0.2537,16.6721,16.6572,15.8016,0.0011,-1.0000
16.6675,1.0000,118.8428,0.8151,0.2626,16.6562,16.6714,15.9213,0.0009,-1.0000
16.6663,1.0000,118.8593,0.8017,0.2622,16.7186,16.6556,15.7678,0.0011,-1.0000
16.6672,1.0000,118.8761,0.9644,0.2571,16.6200,16.6694,15.9690,0.0009,-1.0000
16.6663,1.0000,118.8927,0.8547,0.2238,16.6609,16.6560,15.8070,0.0009,-1.0000
16.6665,1.0000,118.9094,0.7491,0.2518,16.6760,16.6613,15.9356,0.0012,-1.0000
16.6676,1.0000,118.9261,0.8869,0.2346,16.6594,16.6724,15.9477,0.0007,-1.0000
16.6659,1.0000,118.9427,0.6994,0.2910,16.6740,16.6533,15.7498,0.0009,-1.0000
16.6670,1.0000,118.9594,0.8482,0.2206,16.6600,16.6652,15.9291,0.0012,-1.0000
16.6674,1.0000,118.9761,0.7246,0.2490,16.6657,16.6659,15.8775,0.0011,-1.0000
16.6661,1.0000,118.9928,0.7237,0.2743,16.6769,16.6576,15.6970,0.0010,-1.0000
16.6666,1.0000,119.0094,0.9029,0.2069,16.6573,16.6634,15.8159,0.0013,-1.0000
16.6662,1.0000,119.0260,0.7350,0.2797,16.6700,16.6561,15.7752,0.0011,-1.0000
16.6717,1.0000,119.0429,0.7875,0.2948,16.6716,16.7071,15.9721,0.0009,-1.0000
16.6634,1.0000,119.0594,0.9596,0.2282,16.6624,16.6267,15.2404,0.0015,-1.0000
16.6656,1.0000,119.0762,0.8466,0.2629,16.6675,16.7044,15.6846,0.0010,-1.0000
16.6671,1.0000,119.0928,0.8800,0.2253,16.6593,16.6162,15.7322,0.0011,-1.0000
16.6664,1.0000,119.1094,0.7340,0.3006,16.7142,16.6553,15.7171,0.0011,-1.0000
16.6677,1.0000,119.1262,1.3849,0.2960,16.6342,16.7184,15.9286,0.0009,-1.0000
16.6659,1.0000,119.1428,1.0189,0.2928,16.7079,16.6107,15.7108,0.0010,-1.0000
16.6662,1.0000,119.1593,0.8830,0.2634,16.6211,16.6553,15.7785,0.0010,-1.0000
16.6670,1.0000,119.1761,0.9372,0.2441,16.6589,16.7094,16.0789,0.0009,-1.0000
16.6664,1.0000,119.1927,0.7890,0.2663,16.7230,16.6200,15.9122,0.0011,-1.0000
16.6668,1.0000,119.2093,0.8989,0.2377,16.6149,16.6611,15.8872,0.0012,-1.0000
16.6671,1.0000,119.2261,0.8758,0.2263,16.6585,16.6708,16.0551,0.0008,-1.0000
16.6662,1.0000,119.2427,0.6296,0.2255,16.7123,16.6906,15.7840,0.0011,-1.0000
16.6665,1.0000,119.2593,0.7068,0.2531,16.6237,16.6756,15.9494,0.0010,-1.0000
16.6678,1.0000,119.2761,0.7727,0.2398,16.6642,16.6534,16.0781,0.0008,-1.0000
16.6659,1.0000,119.2927,0.6149,0.2224,16.6750,16.6582,15.8533,0.0008,-1.0000
16.6673,1.0000,119.3095,0.9056,0.2327,16.6943,16.7107,15.9349,0.0010,-1.0000
16.6665,1.0000,119.3261,0.7255,0.2173,16.6789,16.6267,15.7518,0.0013,-1.0000
16.6667,1.0000,119.3428,0.5745,0.2323,16.6573,16.6451,15.7906,0.0012,-1.0000
16.6680,1.0000,119.3595,0.8040,0.2354,16.6617,16.7574,15.9447,0.0011,-1.0000
16.6649,1.0000,119.3761,0.7749,0.2295,16.7154,16.5658,15.7145,0.0010,-1.0000
16.6675,1.0000,119.3928,0.8738,0.2542,16.6316,16.6780,15.9047,0.0011,-1.0000
16.6665,1.0000,119.4095,0.8535,0.2024,16.6485,16.6906,15.7996,0.0011,-1.0000
16.6667,1.0000,119.4260,0.8116,0.2645,16.7626,16.6005,15.7604,0.0012,-1.0000
16.6682,1.0000,119.4428,0.8505,0.1956,16.5693,16.7201,15.9623,0.0009,-1.0000
16.6648,1.0000,119.4593,0.7724,0.2315,16.6825,16.6337,15.6273,0.0010,-1.0000
16.6682,1.0000,119.4761,0.8901,0.2317,16.6942,16.6722,15.9902,0.0009,-1.0000
16.6653,1.0000,119.4927,0.8390,0.2472,16.6042,16.6478,15.7569,0.0009,-1.0000
16.6670,1.0000,119.5094,0.7570,0.2632,16.7255,16.6660,15.9020,0.0011,-1.0000
16.6676,1.0000,119.5262,1.0055,0.2142,16.6372,16.6817,15.8991,0.0007,-1.0000
16.6657,1.0000,119.5427,0.6812,0.2871,16.6768,16.6657,15.7494,0.0013,-1.0000
16.6675,1.0000,119.5594,0.8900,0.2294,16.6515,16.6425,15.9490,0.0009,-1.0000
16.6661,1.0000,119.5761,0.7630,0.2152,16.6703,16.6564,15.8921,0.0009,-1.0000
16.6672,1.0000,119.5929,0.7818,0.2519,16.6864,16.7523,15.8351,0.0012,-1.0000
16.6667,1.0000,119.6095,0.9152,0.2329,16.6693,16.5701,15.7040,0.0009,-1.0000
16.6659,1.0000,119.6260,0.6926,0.2472,16.6473,16.6496,15.7403,0.0011,-1.0000
16.6676,1.0000,119.6428,0.7636,0.2367,16.6606,16.6777,15.9886,0.0010,-1.0000
16.6665,1.0000,119.6593,0.9161,0.2557,16.7574,16.6345,15.7005,0.0007,-1.0000
16.6673,1.0000,119.6761,0.8652,0.2918,16.5756,16.6682,16.0119,0.0012,-1.0000
16.6658,1.0000,119.6927,0.9082,0.2062,16.6529,16.6542,15.6983,0.0010,-1.0000
16.6666,1.0000,119.7094,0.6881,0.2498,16.6827,16.6613,15.9828,0.0009,-1.0000
16.6675,1.0000,119.7261,0.9333,0.2058,16.6376,16.6725,16.0138,0.0007,-1.0000
16.6662,1.0000,119.7427,0.6551,0.2542,16.6730,16.6551,15.6549,0.0011,-1.0000
16.6676,1.0000,119.7594,0.9549,0.2200,16.6581,16.6978,15.8625,0.0010,-1.0000
16.6661,1.0000,119.7761,0.6776,0.2029,16.6648,16.6628,15.7781,0.0012,-1.0000
16.6665,1.0000,119.7927,0.6580,0.2607,16.6773,16.6515,15.7472,0.0011,-1.0000
16.6667,1.0000,119.8094,0.9991,0.2360,16.6588,16.6741,15.8532,0.0010,-1.0000
16.6670,1.0000,119.8261,0.8342,0.2241,16.7030,16.6659,15.7908,0.0011,-1.0000
16.6668,1.0000,119.8429,0.8838,0.2608,16.6666,16.6883,15.8771,0.0010,-1.0000
16.6666,1.0000,119.8594,0.9032,0.2400,16.6557,16.6356,15.5765,0.0010,-1.0000
16.6666,1.0000,119.8761,0.8201,0.2597,16.6784,16.6517,15.9127,0.0011,-1.0000
16.6669,1.0000,119.8928,0.8739,0.2358,16.6694,16.7085,15.8382,0.0008,-1.0000
16.6665,1.0000,119.9094,0.8101,0.2541,16.6935,16.5930,15.7249,0.0012,-1.0000
16.6693,1.0000,119.9262,1.0583,0.2453,16.6391,16.6723,15.8737,0.0011,-1.0000
16.6643,1.0000,119.9427,0.7380,0.2842,16.6562,16.6455,15.6306,0.0009,-1.0000
16.6672,1.0000,119.9594,0.8698,0.2518,16.7126,16.6719,15.9485,0.0010,-1.0000
16.6676,1.0000,119.9761,0.8671,0.2394,16.5969,16.6644,15.7915,0.0012,-1.0000
16.6652,1.0000,119.9927,0.7976,0.2632,16.6785,16.6506,15.6450,0.0010,-1.0000
16.6672,1.0000,120.0095,1.0139,0.2359,16.6493,16.7127,15.9402,0.0010,-1.0000
16.6661,1.0000,120.0260,0.7225,0.2522,16.6768,16.6091,15.7139,0.0009,-1.0000
16.6671,1.0000,120.0427,0.8719,0.2818,16.6704,16.6717,16.0113,0.0008,-1.0000
16.6666,1.0000,120.0593,1.0048,0.2273,16.6539,16.6610,15.8575,0.0007,-1.0000
16.6669,1.0000,120.0761,0.7716,0.2664,16.7179,16.6607,15.9035,0.0008,-1.0000
16.6864,1.0000,120.0929,0.8942,0.2241,16.6126,16.6904,15.9468,0.0011,-1.0000
16.6659,1.0000,120.1094,0.6596,0.2355,16.6762,16.6524,15.5661,0.0010,-1.0000
16.6722,1.0000,120.1261,0.8029,0.2481,16.6655,16.6772,15.9505,0.0010,-1.0000
16.6615,1.0000,120.1428,0.7563,0.2110,16.6641,16.6503,15.7472,0.0010,-1.0000
16.6667,1.0000,120.1593,0.7424,0.2596,16.6955,16.6587,15.8563,0.0010,-1.0000
16.6676,1.0000,120.1762,1.0853,0.2596,16.6558,16.6721,16.0536,0.0010,-1.0000
16.6659,1.0000,120.1927,0.7252,0.2477,16.6824,16.6511,15.6720,0.0014,-1.0000
16.6673,1.0000,120.2094,0.9023,0.2628,16.6554,16.6678,15.9813,0.0010,-1.0000
16.6661,1.0000,120.2261,0.8014,0.2248,16.6621,16.6603,15.7823,0.0010,-1.0000
16.6670,1.0000,120.2428,0.6176,0.2654,16.6778,16.6590,15.8694,0.0009,-1.0000
16.6672,1.0000,120.2594,0.9779,0.2263,16.6550,16.6713,15.9467,0.0009,-1.0000
16.6663,1.0000,120.2761,0.6854,0.2638,16.6725,16.6571,15.8513,0.0012,-1.0000
16.6679,1.0000,120.2929,0.8772,0.2283,16.6636,16.7264,15.9061,0.0010,-1.0000
16.6650,1.0000,120.3094,0.7886,0.2060,16.6625,16.5947,15.5760,0.0013,-1.0000
16.6674,1.0000,120.3261,0.7237,0.2432,16.6756,16.6666,15.9810,0.0010,-1.0000
16.6672,1.0000,120.3428,0.8047,0.2337,16.6606,16.7096,15.8990,0.0009,-1.0000
16.6658,1.0000,120.3593,0.8194,0.2656,16.7327,16.6130,15.7055,0.0010,-1.0000
16.6666,1.0000,120.3761,1.0175,0.2141,16.5986,16.6597,15.9825,0.0010,-1.0000
16.6670,1.0000,120.3928,0.6843,0.2314,16.6707,16.7116,15.8511,0.0008,-1.0000
16.6673,1.0000,120.4095,0.8097,0.2631,16.7145,16.6240,15.8916,0.0013,-1.0000
16.6662,1.0000,120.4261,0.9065,0.1884,16.6162,16.6597,15.8088,0.0013,-1.0000
16.6666,1.0000,120.4427,0.6762,0.2477,16.6628,16.6580,15.8783,0.0010,-1.0000
16.6674,1.0000,120.4594,0.8597,0.2117,16.7150,16.7098,15.9947,0.0011,-1.0000
16.6662,1.0000,120.4761,0.7313,0.2236,16.6286,16.6575,15.7680,0.0009,-1.0000
16.6677,1.0000,120.4929,0.8496,0.2536,16.6643,16.6651,15.8472,0.0010,-1.0000
16.6658,1.0000,120.5095,0.7786,0.2000,16.6613,16.6796,15.7310,0.0012,-1.0000
16.6663,1.0000,120.5261,0.7142,0.2305,16.7148,16.6526,15.8099,0.0009,-1.0000
16.6666,1.0000,120.5428,0.8887,0.2603,16.6618,16.6474,15.9592,0.0009,-1.0000
16.6669,1.0000,120.5594,0.8170,0.2304,16.6699,16.6657,15.8978,0.0009,-1.0000
16.6685,1.0000,120.5763,0.9475,0.2383,16.6843,16.7699,15.9927,0.0012,-1.0000
16.6658,1.0000,120.5928,0.8417,0.2579,16.6557,16.5496,15.4980,0.0016,-1.0000
16.6663,1.0000,120.6094,0.6874,0.2153,16.6513,16.6679,15.8103,0.0011,-1.0000
16.6675,1.0000,120.6262,0.7671,0.2288,16.6685,16.6967,15.9464,0.0009,-1.0000
16.6661,1.0000,120.6428,0.7761,0.2663,16.7763,16.5936,15.5600,0.0014,-1.0000
16.6669,1.0000,120.6594,1.0500,0.2307,16.5545,16.7095,15.8644,0.0011,-1.0000
